City_ID,City,Country,Date,Lat,Lng,Max Temp,Humidity,Cloudiness,Wind Speed
0,Hermanus,ZA,2021-04-16 20:46:52,-34.4187,19.2345,63.0,69,0,8.01
1,Cape Town,ZA,2021-04-16 20:43:20,-33.9258,18.4232,71.01,72,0,1.14
2,Chuy,UY,2021-04-16 20:46:52,-33.6971,-53.4616,68.85,86,98,4.63
3,Gwadar,PK,2021-04-16 20:44:22,25.1216,62.3254,80.15,73,21,7.92
4,Port Alfred,ZA,2021-04-16 20:46:53,-33.5906,26.891,62.33,63,5,17.05
5,Ibiapina,BR,2021-04-16 20:46:53,-3.9233,-40.8894,71.82,68,98,2.77
6,Ushuaia,AR,2021-04-16 20:46:53,-54.8,-68.3,44.6,65,40,33.38
7,Saint-Augustin,CA,2021-04-16 20:46:54,51.226,-58.6502,35.38,55,18,10.67
8,Cidreira,BR,2021-04-16 20:43:14,-30.1811,-50.2056,71.69,79,99,6.62
9,Meulaboh,ID,2021-04-16 20:46:54,4.1363,96.1285,75.88,89,100,6.06
10,Ponta Do Sol,PT,2021-04-16 20:46:54,32.6667,-17.1,61.0,90,14,4.38
11,Comodoro Rivadavia,AR,2021-04-16 20:46:55,-45.8667,-67.5,71.6,30,20,14.97
12,Longyearbyen,SJ,2021-04-16 20:42:50,78.2186,15.6401,14.0,62,20,11.5
13,Vila Velha,BR,2021-04-16 20:46:55,-20.3297,-40.2925,77.0,73,0,11.5
14,Noyabrsk,RU,2021-04-16 20:46:55,63.1994,75.4507,15.1,91,100,19.75
15,Mobaye,CF,2021-04-16 20:46:56,4.319,21.1786,78.21,63,94,4.72
16,Upernavik,GL,2021-04-16 20:46:56,72.7868,-56.1549,-2.16,85,100,8.57
17,Bredasdorp,ZA,2021-04-16 20:46:56,-34.5322,20.0403,57.2,77,0,10.36
18,Jamestown,US,2021-04-16 20:46:55,42.097,-79.2353,39.0,93,90,12.66
19,Kavaratti,IN,2021-04-16 20:46:57,10.5669,72.642,83.79,72,11,3.62
20,Dalbandin,PK,2021-04-16 20:46:57,28.8947,64.4101,72.68,18,65,1.5
21,Japura,ID,2021-04-16 20:46:57,-0.3167,102.35,72.0,98,100,1.54
22,Boddam,GB,2021-04-16 20:46:57,57.4667,-1.7833,43.0,70,96,8.05
23,Vestmannaeyjar,IS,2021-04-16 20:46:58,63.4427,-20.2734,42.8,65,100,25.88
24,Lichinga,MZ,2021-04-16 20:46:58,-13.3128,35.2406,62.6,82,20,8.05
25,Taoudenni,ML,2021-04-16 20:46:58,22.6783,-3.9836,85.42,13,100,9.51
26,Mchinji,MW,2021-04-16 20:46:59,-13.7984,32.8802,58.21,86,5,3.0
27,Ribeira Grande,PT,2021-04-16 20:46:59,38.5167,-28.7,62.6,100,75,16.11
28,Omboue,GA,2021-04-16 20:46:59,-1.5746,9.2618,79.47,85,59,5.48
29,Iqaluit,CA,2021-04-16 20:47:00,63.7506,-68.5145,19.4,63,75,18.41
30,Jacksonville,US,2021-04-16 20:43:14,30.3322,-81.6556,71.6,53,90,6.91
31,Punta Arenas,CL,2021-04-16 20:47:00,-53.15,-70.9167,50.0,53,20,20.71
32,Cockburn Town,TC,2021-04-16 20:47:00,21.4612,-71.1419,80.6,65,40,5.75
33,Qaanaaq,GL,2021-04-16 20:47:02,77.484,-69.3632,5.02,73,0,4.34
34,Yabrud,SY,2021-04-16 20:47:02,33.9674,36.6574,64.4,34,0,4.61
35,Busselton,AU,2021-04-16 20:47:02,-33.65,115.3333,57.0,86,62,8.68
36,Castro,BR,2021-04-16 20:47:03,-24.7911,-50.0119,65.16,66,80,3.06
37,Oranjestad,AW,2021-04-16 20:44:36,12.524,-70.027,86.0,70,20,21.85
38,Upata,VE,2021-04-16 20:47:03,8.0086,-62.3989,91.0,57,54,5.01
39,Sagua La Grande,CU,2021-04-16 20:47:03,22.8067,-80.0756,95.0,26,20,6.91
40,Grindavik,IS,2021-04-16 20:47:04,63.8424,-22.4338,35.6,87,75,32.21
41,Benghazi,LY,2021-04-16 20:42:10,32.1167,20.0667,81.39,27,92,24.94
42,Treinta Y Tres,UY,2021-04-16 20:47:04,-33.2333,-54.3833,72.43,75,84,3.8
43,Santa Cruz,BO,2021-04-16 20:44:12,-17.8,-63.1667,84.2,70,40,9.22
44,Mahajanga,MG,2021-04-16 20:47:05,-15.7167,46.3167,80.6,89,20,3.44
45,Port Elizabeth,ZA,2021-04-16 20:42:16,-33.918,25.5701,62.6,67,40,12.66
46,Rochelle,FR,2021-04-16 20:47:05,46.25,-1.0,42.8,56,0,8.05
47,Hualmay,PE,2021-04-16 20:47:05,-11.0964,-77.6139,71.62,75,16,10.38
48,Mwene-Ditu,CD,2021-04-16 20:47:06,-7.0,23.45,66.4,94,99,4.25
49,Codrington,AU,2021-04-16 20:47:06,-38.2667,141.9667,51.58,76,100,6.69
50,Marawi,PH,2021-04-16 20:44:06,7.9986,124.2928,75.99,89,100,7.0
51,Extremoz,BR,2021-04-16 20:47:06,-5.7056,-35.3072,84.2,74,20,8.05
52,Hakkari,TR,2021-04-16 20:44:35,37.5833,44.1667,45.16,58,65,2.71
53,Ancud,CL,2021-04-16 20:44:25,-41.8697,-73.8203,62.01,82,75,9.22
54,Karibib,NA,2021-04-16 20:47:07,-21.9333,15.8333,70.77,29,84,9.08
55,Olafsvik,IS,2021-04-16 20:47:07,64.8945,-23.7142,37.92,74,92,31.88
56,Dikson,RU,2021-04-16 20:47:07,73.5069,80.5464,-12.84,100,100,6.11
57,Inta,RU,2021-04-16 20:47:08,66.0317,60.1659,19.87,88,100,3.76
58,Mar Del Plata,AR,2021-04-16 20:47:08,-38.0023,-57.5575,66.2,88,40,6.91
59,Salinas,US,2021-04-16 20:47:08,36.6777,-121.6555,64.4,52,1,11.5
60,Kudahuvadhoo,MV,2021-04-16 20:47:08,2.6708,72.8944,82.26,70,44,5.5
61,Tabuk,PH,2021-04-16 20:47:09,17.4189,121.4443,71.98,85,100,1.32
62,Bengkulu,ID,2021-04-16 20:47:09,-3.8004,102.2655,74.91,90,100,3.36
63,Veselynove,UA,2021-04-16 20:47:09,47.3567,31.2349,43.65,81,100,5.44
64,Altinho,BR,2021-04-16 20:47:10,-8.4897,-36.0594,72.14,88,100,7.02
65,Havoysund,NO,2021-04-16 20:47:10,70.9963,24.6622,41.0,81,75,19.57
66,Arraial Do Cabo,BR,2021-04-16 20:42:20,-22.9661,-42.0278,78.8,61,0,12.66
67,Tasiilaq,GL,2021-04-16 20:47:10,65.6145,-37.6368,26.6,93,90,31.07
68,Mahebourg,MU,2021-04-16 20:46:20,-20.4081,57.7,78.8,89,75,5.75
69,Yarada,IN,2021-04-16 20:47:11,17.65,83.2667,80.6,83,40,2.3
70,Sun Prairie,US,2021-04-16 20:47:11,43.1836,-89.2137,59.0,29,75,11.5
71,Kindia,GN,2021-04-16 20:47:11,10.0569,-12.8658,77.02,66,83,2.28
72,Contai,IN,2021-04-16 20:47:12,21.7786,87.7536,80.65,82,8,16.69
73,Acurenam,GQ,2021-04-16 20:47:12,1.0322,10.6488,69.4,97,89,1.21
74,Havre-Saint-Pierre,CA,2021-04-16 20:47:12,50.2334,-63.5986,35.6,69,1,9.22
75,Orasje,BA,2021-04-16 20:47:13,45.0356,18.6933,43.0,75,0,3.44
76,Georgetown,MY,2021-04-16 20:47:13,5.4112,100.3354,77.0,88,40,6.91
77,Plettenberg Bay,ZA,2021-04-16 20:47:13,-34.0527,23.3716,61.09,57,0,6.85
78,Saldanha,ZA,2021-04-16 20:47:13,-33.0117,17.9442,69.8,46,0,6.91
79,Rawson,AR,2021-04-16 20:47:14,-43.3002,-65.1023,67.8,37,0,9.8
80,Ilulissat,GL,2021-04-16 20:47:14,69.2167,-51.1,6.8,78,90,17.27
81,Abancay,PE,2021-04-16 20:47:14,-13.6339,-72.8814,70.54,56,39,6.98
82,Saint Anthony,US,2021-04-16 20:47:15,45.0205,-93.218,59.0,29,1,9.22
83,Turayf,SA,2021-04-16 20:47:15,31.6725,38.6637,75.2,23,20,16.11
84,Neuquen,AR,2021-04-16 20:43:55,-38.9516,-68.0591,78.8,19,0,3.44
85,Hofn,IS,2021-04-16 20:47:15,64.2539,-15.2082,42.96,77,94,30.78
86,Bonthe,SL,2021-04-16 20:47:15,7.5264,-12.505,81.21,79,27,8.25
87,Letterkenny,IE,2021-04-16 20:47:17,54.95,-7.7333,44.15,82,100,2.64
88,Lebu,CL,2021-04-16 20:47:17,-37.6167,-73.65,57.81,73,100,11.65
89,Saint-Pierre,RE,2021-04-16 20:47:18,-21.3393,55.4781,77.0,78,0,6.91
90,Mutis,CO,2021-04-16 20:47:18,6.2262,-77.4044,78.64,85,100,7.78
91,Victoria,HK,2021-04-16 20:45:01,22.2855,114.1577,73.99,87,73,5.55
92,Kastamonu,TR,2021-04-16 20:47:18,41.5,33.6667,45.52,87,100,1.54
93,Parauna,BR,2021-04-16 20:47:18,-16.9478,-50.4486,76.41,60,8,2.71
94,Caravelas,BR,2021-04-16 20:47:19,-17.7125,-39.2481,74.97,74,7,6.93
95,Batticaloa,LK,2021-04-16 20:47:19,7.7102,81.6924,77.22,78,100,5.19
96,Paramonga,PE,2021-04-16 20:44:31,-10.6667,-77.8333,70.77,78,30,9.53
97,Rassvet,RU,2021-04-16 20:47:19,46.8333,40.75,49.46,88,99,4.05
98,Alice Town,BS,2021-04-16 20:47:20,25.7167,-79.3,77.56,67,2,12.88
99,Faya,SA,2021-04-16 20:47:20,18.3851,42.4509,68.0,24,0,4.61
100,Nantucket,US,2021-04-16 20:43:06,41.2835,-70.0995,41.0,81,90,29.93
101,Mantua,IT,2021-04-16 20:47:20,45.1667,10.7833,45.0,80,2,1.45
102,Doha,QA,2021-04-16 20:47:21,25.2867,51.5333,75.2,33,0,4.61
103,Winsford,GB,2021-04-16 20:47:21,53.1833,-2.5167,46.0,61,79,2.08
104,Hithadhoo,MV,2021-04-16 20:47:21,-0.6,73.0833,81.81,62,66,2.21
105,Pisco,PE,2021-04-16 20:42:24,-13.7,-76.2167,73.4,73,0,6.91
106,Itacoatiara,BR,2021-04-16 20:47:22,-3.1431,-58.4442,80.11,89,72,3.36
107,Ariquemes,BR,2021-04-16 20:47:22,-9.9133,-63.0408,79.3,90,88,1.77
108,Chabahar,IR,2021-04-16 20:47:22,25.2919,60.643,80.76,71,18,11.56
109,Vilhena,BR,2021-04-16 20:42:24,-12.7406,-60.1458,73.4,100,75,8.05
110,El Carmen,CO,2021-04-16 20:47:23,8.5106,-73.4478,78.17,80,97,2.13
111,Wilmington,US,2021-04-16 20:46:16,34.2257,-77.9447,66.99,37,1,10.36
112,Rio Gallegos,AR,2021-04-16 20:42:48,-51.6226,-69.2181,55.4,62,0,24.16
113,Coihaique,CL,2021-04-16 20:43:48,-45.5752,-72.0662,57.2,67,40,11.5
114,Tabou,CI,2021-04-16 20:47:23,4.423,-7.3528,80.85,79,77,8.25
115,Debre Birhan,ET,2021-04-16 20:47:24,9.6833,39.5333,52.54,36,2,4.97
116,Luderitz,NA,2021-04-16 20:47:24,-26.6481,15.1594,76.51,42,99,2.17
117,Sur,OM,2021-04-16 20:47:24,22.5667,59.5289,84.6,46,7,9.93
118,Aksarayskiy,RU,2021-04-16 20:47:25,46.7924,48.0119,55.4,47,0,6.71
119,Jalu,LY,2021-04-16 20:47:25,29.0331,21.5482,86.81,12,3,14.23
120,Altay,CN,2021-04-16 20:47:25,47.8667,88.1167,44.53,35,2,8.08
121,Ludza,LV,2021-04-16 20:47:26,56.55,27.7167,49.12,80,100,10.6
122,Hambantota,LK,2021-04-16 20:47:26,6.1241,81.1185,75.2,100,40,4.61
123,East London,ZA,2021-04-16 20:47:26,-33.0153,27.9116,61.48,62,4,10.69
124,Diu,IN,2021-04-16 20:47:27,20.7141,70.9822,77.58,77,0,11.45
125,Atar,MR,2021-04-16 20:47:27,20.5169,-13.0499,80.89,15,0,9.71
126,Sironj,IN,2021-04-16 20:47:27,24.1,77.7,86.67,20,61,8.21
127,Manaure,CO,2021-04-16 20:47:28,11.7751,-72.4445,86.2,63,94,15.52
128,Padang,ID,2021-04-16 20:47:28,-0.9492,100.3543,77.0,94,75,5.75
129,Quatre Cocos,MU,2021-04-16 20:47:28,-20.2078,57.7625,80.01,89,75,5.75
130,Gamboma,CG,2021-04-16 20:47:28,-1.8764,15.8644,77.92,74,95,4.36
131,Les Cayes,HT,2021-04-16 20:47:29,18.2,-73.75,82.78,60,4,8.88
132,Saint George,US,2021-04-16 20:46:43,37.1041,-113.5841,68.0,20,1,4.07
133,Kuusamo,FI,2021-04-16 20:47:29,65.9667,29.1833,30.2,74,0,1.14
134,Kruisfontein,ZA,2021-04-16 20:47:29,-34.0033,24.7314,62.01,65,0,10.0
135,Itaqui,BR,2021-04-16 20:47:30,-29.1253,-56.5531,77.36,67,97,2.15
136,Sorland,NO,2021-04-16 20:47:30,67.667,12.6934,41.0,93,40,6.91
137,Nanortalik,GL,2021-04-16 20:47:30,60.1432,-45.2371,21.65,56,48,49.1
138,Bubaque,GW,2021-04-16 20:44:02,11.2833,-15.8333,76.77,76,1,19.71
139,Eskilstuna,SE,2021-04-16 20:47:32,59.3666,16.5077,42.01,56,82,9.22
140,Chekmagush,RU,2021-04-16 20:47:32,55.1319,54.6556,43.05,85,26,8.84
141,Mayor Pablo Lagerenza,PY,2021-04-16 20:47:32,-19.9309,-60.7718,85.86,47,79,2.51
142,Kozan,TR,2021-04-16 20:47:33,37.4552,35.8157,68.0,94,0,5.75
143,Raga,SS,2021-04-16 20:47:33,8.4596,25.678,81.68,12,12,2.77
144,Camacha,PT,2021-04-16 20:47:33,33.0833,-16.3333,62.6,67,75,12.66
145,Salalah,OM,2021-04-16 20:47:34,17.0151,54.0924,80.6,78,0,4.61
146,Old Saybrook,US,2021-04-16 20:47:34,41.2918,-72.3762,43.0,75,40,14.97
147,Cayenne,GF,2021-04-16 20:47:34,4.9333,-52.3333,84.2,70,75,11.5
148,Klaksvik,FO,2021-04-16 20:47:34,62.2266,-6.589,46.4,100,75,14.97
149,Coquimbo,CL,2021-04-16 20:47:35,-29.9533,-71.3436,60.8,77,75,12.66
150,Baglung,NP,2021-04-16 20:47:35,28.2719,83.5898,62.78,34,22,7.45
151,Llandrindod Wells,GB,2021-04-16 20:47:35,52.2416,-3.3787,43.0,73,87,1.01
152,Amudat,UG,2021-04-16 20:47:36,1.95,34.95,74.71,54,86,5.7
153,Henstedt-Ulzburg,DE,2021-04-16 20:47:36,53.7833,10.0,41.0,75,0,2.3
154,Goundi,TD,2021-04-16 20:47:36,9.3627,17.366,90.66,13,11,5.79
155,Albesti,RO,2021-04-16 20:47:37,47.7,27.0667,43.0,65,0,9.22
156,Puerto Colombia,CO,2021-04-16 20:47:37,10.9878,-74.9547,82.4,78,75,8.05
157,Hobyo,SO,2021-04-16 20:44:41,5.3505,48.5268,82.89,71,16,13.06
158,Aguimes,ES,2021-04-16 20:47:37,27.9054,-15.4461,68.0,77,40,21.85
159,Eyl,SO,2021-04-16 20:47:38,7.9803,49.8164,80.94,76,18,8.28
160,Vardo,NO,2021-04-16 20:47:38,70.3705,31.1107,37.4,87,40,21.85
161,Veraval,IN,2021-04-16 20:47:38,20.9,70.3667,79.25,81,0,12.48
162,Clyde River,CA,2021-04-16 20:43:08,70.4692,-68.5914,12.2,85,40,34.52
163,Kahta,TR,2021-04-16 20:47:39,37.7855,38.6237,60.8,44,0,8.05
164,Huntingdon,GB,2021-04-16 20:47:39,52.3305,-0.1865,39.99,77,58,1.01
165,Andenes,NO,2021-04-16 20:43:49,69.3143,16.1194,41.0,75,0,16.11
166,San Andres,CO,2021-04-16 20:43:22,12.5847,-81.7006,86.0,74,75,13.8
167,Contamana,PE,2021-04-16 20:47:39,-7.3333,-75.0167,85.84,65,100,1.43
168,Ginda,IN,2021-04-16 20:47:40,30.6945,78.4932,57.63,43,100,1.05
169,Bodden Town,KY,2021-04-16 20:47:40,19.2833,-81.25,84.2,65,20,11.5
170,Arlit,NE,2021-04-16 20:47:40,18.7369,7.3853,88.54,5,18,9.22
171,Novovarshavka,RU,2021-04-16 20:47:40,54.1721,74.6946,36.37,81,32,14.32
172,Nouadhibou,MR,2021-04-16 20:46:32,20.931,-17.0347,68.0,73,0,19.57
173,Beisfjord,NO,2021-04-16 20:47:41,68.3751,17.5988,41.0,87,90,2.3
174,Challans,FR,2021-04-16 20:47:41,46.8436,-1.8749,50.0,43,0,8.05
175,Calvinia,ZA,2021-04-16 20:47:41,-31.4707,19.776,69.66,33,81,2.86
176,Bara,NG,2021-04-16 20:47:42,10.3744,10.7288,85.78,11,42,0.72
177,Kerouane,GN,2021-04-16 20:47:42,9.2667,-9.0167,77.63,64,99,4.63
178,Road Town,VG,2021-04-16 20:47:42,18.4167,-64.6167,80.6,78,40,11.5
179,Geraldton,AU,2021-04-16 20:47:43,-28.7667,114.6,62.6,45,60,10.36
180,Luau,AO,2021-04-16 20:47:43,-10.7073,22.2247,63.72,96,60,5.88
181,Alcobendas,ES,2021-04-16 20:47:43,40.5475,-3.642,54.0,28,0,8.05
182,Dzilam Gonzalez,MX,2021-04-16 20:47:43,21.2833,-88.9333,99.99,26,0,5.1
183,Chimbote,PE,2021-04-16 20:47:44,-9.0853,-78.5783,71.85,74,95,10.4
184,Keflavik,IS,2021-04-16 20:47:44,64.0049,-22.5624,41.0,87,75,32.21
185,Kidal,ML,2021-04-16 20:47:44,18.4411,1.4078,89.29,7,26,1.43
186,Pangnirtung,CA,2021-04-16 20:47:45,66.1451,-65.7125,0.23,93,58,3.0
187,Wausau,US,2021-04-16 20:47:45,44.9591,-89.6301,57.2,24,1,4.61
188,Marechal Candido Rondon,BR,2021-04-16 20:47:45,-24.5561,-54.0567,71.51,66,98,1.01
189,Touros,BR,2021-04-16 20:47:46,-5.1989,-35.4608,82.4,74,20,8.05
190,Saint-Michel-Des-Saints,CA,2021-04-16 20:47:46,46.6834,-73.9159,48.99,52,100,10.2
191,Atasu,KZ,2021-04-16 20:47:46,48.6814,71.6433,51.21,40,60,7.14
192,Chicama,PE,2021-04-16 20:47:47,-7.8447,-79.1469,66.2,88,75,11.5
193,Uni,RU,2021-04-16 20:47:47,57.7535,51.4923,35.19,72,2,7.2
194,Itaueira,BR,2021-04-16 20:47:47,-7.6033,-43.0256,84.81,44,97,4.18
195,Tazovskiy,RU,2021-04-16 20:47:47,67.4667,78.7,6.12,96,100,6.26
196,Namibe,AO,2021-04-16 20:47:48,-15.1961,12.1522,83.14,63,0,5.66
197,Bulancak,TR,2021-04-16 20:47:48,40.9372,38.2291,51.8,93,75,3.29
198,Kovdor,RU,2021-04-16 20:47:48,67.5662,30.4758,32.65,92,30,5.3
199,Sovetskiy,RU,2021-04-16 20:47:49,61.3614,63.5842,32.56,63,100,6.87
200,Praia,CV,2021-04-16 20:47:49,14.9215,-23.5087,71.6,68,40,23.02
201,Bartica,GY,2021-04-16 20:47:49,6.4,-58.6167,82.83,66,39,6.64
202,Sayyan,YE,2021-04-16 20:47:49,15.1718,44.3244,61.99,30,90,13.58
203,Mvomero,TZ,2021-04-16 20:47:50,-6.25,38.6667,72.79,97,26,3.42
204,Kenitra,MA,2021-04-16 20:44:17,34.261,-6.5802,59.0,88,75,6.04
205,Anloga,GH,2021-04-16 20:47:50,5.7947,0.8973,84.2,79,20,10.36
206,Harper,LR,2021-04-16 20:44:25,4.375,-7.7169,80.69,80,83,8.48
207,Grand-Bourg,GP,2021-04-16 20:47:51,15.8835,-61.3148,84.2,65,40,12.66
208,Springfield,US,2021-04-16 20:44:21,37.2153,-93.2982,51.01,93,90,4.61
209,Ostrovnoy,RU,2021-04-16 20:47:51,68.0531,39.5131,36.93,86,100,21.36
210,Rocha,UY,2021-04-16 20:47:51,-34.4833,-54.3333,67.14,92,39,5.75
211,Trelew,AR,2021-04-16 20:44:40,-43.249,-65.3051,69.3,29,0,12.03
212,Ahvaz,IR,2021-04-16 20:47:52,31.3203,48.6693,77.0,23,0,6.91
213,Bathsheba,BB,2021-04-16 20:47:52,13.2167,-59.5167,82.4,57,40,17.27
214,Paramirim,BR,2021-04-16 20:47:52,-13.4425,-42.2389,82.63,32,59,9.1
215,Strezhevoy,RU,2021-04-16 20:44:13,60.7333,77.5889,15.8,73,0,6.71
216,Joshimath,IN,2021-04-16 20:47:53,30.5667,79.5667,56.7,56,100,5.06
217,Urumqi,CN,2021-04-16 20:47:53,43.801,87.6005,60.8,14,0,13.42
218,Bambous Virieux,MU,2021-04-16 20:47:53,-20.3428,57.7575,80.01,89,75,5.75
219,Souillac,MU,2021-04-16 20:47:53,-20.5167,57.5167,78.8,89,75,5.75
220,Kedrovyy,RU,2021-04-16 20:47:54,56.1667,91.8167,30.2,93,75,6.71
221,Iralaya,HN,2021-04-16 20:47:54,15.0,-83.2333,83.34,68,19,11.7
222,Lethem,GY,2021-04-16 20:47:54,3.3803,-59.7968,83.21,64,79,7.45
223,Sao Gabriel Da Cachoeira,BR,2021-04-16 20:47:55,-0.1303,-67.0892,77.76,91,97,3.29
224,Itarema,BR,2021-04-16 20:47:55,-2.9248,-39.9167,80.24,79,100,14.43
225,Saint-Philippe,RE,2021-04-16 20:47:55,-21.3585,55.7679,77.0,78,0,6.91
226,Togur,RU,2021-04-16 20:47:55,58.3631,82.8265,18.5,77,60,8.01
227,Joensuu,FI,2021-04-16 20:47:56,62.6012,29.7632,39.2,56,0,6.91
228,Kemijarvi,FI,2021-04-16 20:47:56,66.7131,27.4306,31.41,94,7,4.14
229,Kalmunai,LK,2021-04-16 20:47:56,7.4167,81.8167,76.68,83,100,2.98
230,Dingle,PH,2021-04-16 20:47:57,10.9995,122.6711,76.46,88,84,5.03
231,Szedres,HU,2021-04-16 20:47:57,46.4755,18.6831,39.16,72,99,4.36
232,Cabedelo,BR,2021-04-16 20:47:57,-6.9811,-34.8339,80.6,94,20,8.05
233,Plaster Rock,CA,2021-04-16 20:47:58,46.9065,-67.39,51.8,35,1,16.11
234,Troy,US,2021-04-16 20:47:58,42.6056,-83.1499,51.01,62,90,8.05
235,Adendorf,DE,2021-04-16 20:47:58,53.2819,10.4379,39.99,57,31,1.01
236,Beitbridge,ZW,2021-04-16 20:47:58,-22.2167,30.0,64.33,73,37,24.67
237,Revda,RU,2021-04-16 20:47:59,56.801,59.9303,28.4,69,0,2.24
238,Raudeberg,NO,2021-04-16 20:47:59,61.9875,5.1352,41.0,68,0,6.58
239,Hamilton,US,2021-04-16 20:44:05,39.1834,-84.5333,60.8,41,20,6.91
240,Bud,US,2021-04-16 20:48:00,39.447,-86.1758,61.0,47,1,5.75
241,Am Timan,TD,2021-04-16 20:48:00,11.0297,20.2827,88.84,8,34,3.94
242,South Venice,US,2021-04-16 20:48:00,27.0531,-82.4243,86.0,73,1,11.5
243,Pontes E Lacerda,BR,2021-04-16 20:48:01,-15.2261,-59.3353,81.97,72,59,2.8
244,Lodja,CD,2021-04-16 20:48:02,-3.4833,23.4333,70.23,94,100,2.48
245,Sao Joao Dos Patos,BR,2021-04-16 20:48:02,-6.495,-43.7022,79.3,66,100,3.89
246,Bosaso,SO,2021-04-16 20:48:03,11.2842,49.1816,80.92,65,2,3.33
247,Voznesenye,RU,2021-04-16 20:48:03,61.0106,35.4781,30.97,94,13,4.07
248,Berlevag,NO,2021-04-16 20:48:03,70.8578,29.0864,39.2,87,100,33.38
249,Karad,IN,2021-04-16 20:48:03,17.2833,74.2,77.04,48,0,5.21
250,Kjollefjord,NO,2021-04-16 20:48:04,70.9457,27.3465,39.2,93,75,23.02
251,Intipuca,SV,2021-04-16 20:48:04,13.1969,-88.0544,91.15,49,42,8.75
252,Marzuq,YE,2021-04-16 20:48:04,14.4,46.4667,68.94,54,20,5.5
253,Gat,IL,2021-04-16 20:48:05,31.61,34.7642,66.2,63,0,2.3
254,Una,IN,2021-04-16 20:48:05,20.8167,71.0333,77.97,73,0,10.45
255,Naples,IT,2021-04-16 20:43:11,40.8333,14.25,51.8,46,40,10.36
256,Opuwo,NA,2021-04-16 20:48:05,-18.0607,13.84,73.9,44,91,3.27
257,Tocopilla,CL,2021-04-16 20:48:05,-22.092,-70.1979,66.96,69,14,3.51
258,Murgab,TM,2021-04-16 20:48:06,37.4966,61.9714,66.2,42,40,7.92
259,Dharchula,IN,2021-04-16 20:48:06,29.85,80.5333,63.72,33,92,7.81
260,Jaisalmer,IN,2021-04-16 20:48:06,26.9147,70.9181,78.57,35,2,8.75
261,Oranjemund,NA,2021-04-16 20:48:07,-28.55,16.4333,79.56,32,36,13.02
262,Mogadishu,SO,2021-04-16 20:48:07,2.0371,45.3438,82.6,74,26,10.96
263,Callaway,US,2021-04-16 20:48:07,30.153,-85.5699,64.4,88,90,5.75
264,Vierzon,FR,2021-04-16 20:48:08,47.2101,2.0625,46.4,46,0,3.44
265,Cordoba,AR,2021-04-16 20:45:30,-31.4135,-64.1811,82.4,54,20,11.5
266,Santa Maria,BR,2021-04-16 20:44:40,-29.6842,-53.8069,77.0,69,75,2.3
267,Bastia,FR,2021-04-16 20:48:08,42.6667,9.3333,53.01,87,0,4.61
268,Changji,CN,2021-04-16 20:47:37,44.0167,87.3167,60.8,14,0,13.42
269,Bazum,AM,2021-04-16 20:48:08,40.8676,44.4398,42.8,61,52,2.3
270,Guaruja,BR,2021-04-16 20:48:09,-23.9931,-46.2564,79.0,69,0,10.36
271,Gaptsakh,RU,2021-04-16 20:48:09,41.4517,47.9303,47.43,62,9,8.21
272,Parrita,CR,2021-04-16 20:48:09,9.5201,-84.3225,71.6,83,75,12.66
273,Sandwick,GB,2021-04-16 20:48:10,60.0,-1.25,43.47,86,100,18.37
274,Muros,ES,2021-04-16 20:48:10,42.7762,-9.0603,55.99,57,51,4.0
275,Husavik,IS,2021-04-16 20:48:10,66.0449,-17.3389,44.6,49,40,20.71
276,La Tuque,CA,2021-04-16 20:48:11,47.4334,-72.7824,50.0,32,100,8.05
277,Pangody,RU,2021-04-16 20:48:11,65.85,74.4859,14.88,93,94,17.72
278,Esmeraldas,BR,2021-04-16 20:48:11,-19.7625,-44.3139,75.2,46,0,11.5
279,Bayir,TR,2021-04-16 20:48:11,37.2687,28.2167,60.8,59,0,2.3
280,Soyo,AO,2021-04-16 20:48:12,-6.1349,12.3689,80.17,82,100,6.02
281,Weligama,LK,2021-04-16 20:48:12,5.9667,80.4167,76.8,87,100,4.34
282,San Luis,AR,2021-04-16 20:48:12,-33.295,-66.3356,79.23,40,24,3.29
283,Asfi,MA,2021-04-16 20:48:13,32.2994,-9.2372,63.39,85,0,18.39
284,San Juan Bautista,PE,2021-04-16 20:48:13,-14.0108,-75.7358,73.4,73,0,6.91
285,Qasigiannguit,GL,2021-04-16 20:48:13,68.8193,-51.1922,6.8,78,90,17.27
286,Cyangugu,RW,2021-04-16 20:48:14,-2.4846,28.9075,60.49,98,100,3.15
287,Peruibe,BR,2021-04-16 20:48:14,-24.32,-46.9983,72.46,83,9,6.06
288,Presque Isle,US,2021-04-16 20:48:14,46.6811,-68.0159,51.8,37,1,14.97
289,Khoy,IR,2021-04-16 20:48:14,38.5504,44.9535,57.85,37,28,3.67
290,Challapata,BO,2021-04-16 20:47:50,-18.9,-66.7667,59.88,15,0,10.42
291,Sept-Iles,CA,2021-04-16 20:45:04,50.2001,-66.3821,39.2,60,20,14.97
292,Rockland,US,2021-04-16 20:48:15,41.1668,-74.0496,48.99,88,96,7.72
293,Adrar,MR,2021-04-16 20:48:15,20.5022,-10.0711,78.57,19,2,10.85
294,Arua,UG,2021-04-16 20:48:16,3.0201,30.9111,67.39,81,47,0.89
295,Garowe,SO,2021-04-16 20:48:17,8.4054,48.4845,75.29,74,0,13.6
296,Harboore,DK,2021-04-16 20:48:17,56.6175,8.1807,41.0,19,6,10.45
297,Goderich,CA,2021-04-16 20:48:17,43.7501,-81.7165,37.4,87,100,14.97
298,Dinguiraye,GN,2021-04-16 20:48:18,11.3,-10.7167,88.29,34,67,9.53
299,Zyryanovsk,KZ,2021-04-16 20:48:18,49.7386,84.2719,34.84,94,81,0.47
300,Kalininsk,RU,2021-04-16 20:48:18,51.5,44.4758,54.36,75,90,4.36
301,Kaka,TM,2021-04-16 20:48:19,37.3482,59.6143,69.4,36,100,9.46
302,Leh,IN,2021-04-16 20:48:19,34.1667,77.5833,36.16,66,98,0.96
303,Rawah,IQ,2021-04-16 20:44:05,34.4816,41.9093,74.23,22,100,8.88
304,Arica,CL,2021-04-16 20:48:19,-18.475,-70.3042,71.6,64,0,16.11
305,Zhanaozen,KZ,2021-04-16 20:48:20,43.3,52.8,55.98,51,0,7.23
306,Nueve De Julio,AR,2021-04-16 20:48:20,-35.4444,-60.8831,72.93,63,10,4.23
307,Dvinskoy,RU,2021-04-16 20:48:20,62.1535,45.1175,31.21,95,13,2.91
308,Muyezerskiy,RU,2021-04-16 20:48:20,63.9333,31.65,29.59,91,6,0.74
309,Stoenesti,RO,2021-04-16 20:48:21,45.25,25.1667,36.0,68,18,1.01
310,Vysha,RU,2021-04-16 20:48:21,53.8477,42.3777,50.76,83,100,4.79
311,Richards Bay,ZA,2021-04-16 20:48:21,-28.783,32.0377,66.11,62,95,10.27
312,Margate,GB,2021-04-16 20:48:22,51.3813,1.3862,43.0,80,0,3.0
313,Ushtobe,KZ,2021-04-16 20:48:22,45.2514,77.9838,57.11,47,65,7.11
314,Vila Franca Do Campo,PT,2021-04-16 20:48:22,37.7167,-25.4333,62.6,82,40,8.05
315,Suluq,LY,2021-04-16 20:48:23,31.6682,20.2521,82.63,18,100,17.34
316,Pombia,IT,2021-04-16 20:48:23,45.653,8.6336,46.99,61,0,3.44
317,Khanpur,PK,2021-04-16 20:48:23,28.6453,70.6567,72.41,52,11,9.42
318,Muravlenko,RU,2021-04-16 20:48:23,63.7898,74.523,18.25,93,100,21.5
319,Aketi,CD,2021-04-16 20:48:24,2.7388,23.7833,76.64,71,80,1.79
320,Grand Gaube,MU,2021-04-16 20:48:24,-20.0064,57.6608,80.01,82,19,3.0
321,Gopalpur,IN,2021-04-16 20:48:24,19.2667,84.9167,79.72,81,4,14.7
322,Mayumba,GA,2021-04-16 20:48:25,-3.432,10.6554,79.66,87,100,4.83
323,Ventspils,LV,2021-04-16 20:48:25,57.3894,21.5606,48.2,46,0,9.22
324,Alpena,US,2021-04-16 20:48:25,45.0617,-83.4327,50.0,57,90,16.11
325,Rio Grande,BR,2021-04-16 20:48:26,-32.035,-52.0986,80.6,61,40,8.05
326,Novooleksiyivka,UA,2021-04-16 20:48:26,46.2269,34.6428,41.97,89,6,9.01
327,Sao Filipe,CV,2021-04-16 20:48:26,14.8961,-24.4956,71.47,75,1,12.26
328,Roald,NO,2021-04-16 20:44:04,62.5833,6.1333,37.99,65,0,2.3
329,Bonavista,CA,2021-04-16 20:48:27,48.6499,-53.1147,34.0,75,93,6.91
330,Araouane,ML,2021-04-16 20:48:27,18.9048,-3.5265,91.09,10,100,12.73
331,Muli,MV,2021-04-16 20:48:27,2.9167,73.5667,82.6,72,97,5.84
332,Sidi Ali,DZ,2021-04-16 20:48:27,36.0998,0.4206,51.98,71,2,6.58
333,Sao Joao Da Barra,BR,2021-04-16 20:48:28,-21.6403,-41.0511,78.8,61,0,6.91
334,Taltal,CL,2021-04-16 20:48:28,-25.4,-70.4833,64.69,76,24,2.82
335,Cheshire,US,2021-04-16 20:43:49,41.499,-72.9007,44.01,75,90,6.91
336,West Bay,KY,2021-04-16 20:48:28,19.3667,-81.4167,84.2,65,20,11.5
337,Olinda,BR,2021-04-16 20:48:29,-8.0089,-34.8553,78.8,78,40,2.3
338,Rudbar,AF,2021-04-16 20:48:29,30.15,62.6,74.62,18,100,6.26
339,Bereda,ES,2021-04-16 20:48:29,43.2686,-7.5406,41.0,83,11,11.99
340,Savannah Bight,HN,2021-04-16 20:48:30,16.45,-85.85,81.45,82,59,20.69
341,Kutum,SD,2021-04-16 20:44:36,14.2,24.6667,72.37,8,8,10.0
342,Havelock,US,2021-04-16 20:48:30,34.8791,-76.9013,64.99,43,11,7.0
343,Grand-Lahou,CI,2021-04-16 20:48:30,5.1367,-5.0242,82.04,82,84,8.81
344,The Valley,AI,2021-04-16 20:48:31,18.217,-63.0578,81.0,85,56,8.01
345,Carnarvon,AU,2021-04-16 20:48:32,-24.8667,113.6333,74.86,38,1,10.38
346,Bilma,NE,2021-04-16 20:48:32,18.6853,12.9164,88.16,7,21,9.51
347,Presidencia Roque Saenz Pena,AR,2021-04-16 20:44:46,-26.7852,-60.4388,75.99,88,39,4.0
348,Burhanpur,IN,2021-04-16 20:48:33,21.3,76.2333,86.88,21,1,5.06
349,Shubarkuduk,KZ,2021-04-16 20:48:33,49.1447,56.4872,54.59,42,11,8.01
350,Narsaq,GL,2021-04-16 20:48:33,60.9167,-46.05,23.0,30,0,32.21
351,Zavodouspenskoye,RU,2021-04-16 20:48:33,56.8626,65.0155,30.2,55,0,4.47
352,Dakar,SN,2021-04-16 20:47:51,14.6937,-17.4441,68.0,88,0,13.8
353,Laguna,US,2021-04-16 20:43:57,38.421,-121.4238,79.0,27,1,5.75
354,Inhambane,MZ,2021-04-16 20:44:02,-23.865,35.3833,71.87,55,49,17.69
355,Nsanje,MW,2021-04-16 20:48:02,-16.92,35.262,67.68,90,0,3.13
356,Korla,CN,2021-04-16 20:48:34,41.7597,86.1469,59.14,24,64,4.16
357,Skibbereen,IE,2021-04-16 20:48:34,51.55,-9.2667,44.6,76,75,9.22
358,El Alto,PE,2021-04-16 20:48:35,-4.2714,-81.2147,84.2,51,0,14.97
359,Mangai,CD,2021-04-16 20:48:35,-4.05,19.5333,68.38,96,59,1.36
360,Orlovo,RU,2021-04-16 20:48:35,51.754,39.5873,42.8,65,0,2.24
361,Pauini,BR,2021-04-16 20:48:36,-7.7136,-66.9764,80.98,83,100,3.56
362,Sarlat-La-Caneda,FR,2021-04-16 20:48:36,44.889,1.2166,44.6,49,0,3.44
363,West Carrollton City,US,2021-04-16 20:48:36,39.6723,-84.2522,60.8,44,40,3.44
364,Oktyabrskoye,RU,2021-04-16 20:48:37,43.0645,44.7417,50.0,76,14,4.47
365,Mecca,SA,2021-04-16 20:48:37,21.4267,39.8261,84.45,39,44,5.37
366,Pontal Do Parana,BR,2021-04-16 20:48:37,-25.6533,-48.5128,64.0,99,7,4.94
367,Luanda,AO,2021-04-16 20:48:37,-8.8368,13.2343,80.6,83,40,5.75
368,Talhar,PK,2021-04-16 20:48:38,24.8833,68.8167,80.8,67,13,10.78
369,Joacaba,BR,2021-04-16 20:48:38,-27.1781,-51.5047,62.76,96,100,1.7
370,Walvis Bay,NA,2021-04-16 20:48:38,-22.9575,14.5053,89.6,20,97,11.5
371,Banda Aceh,ID,2021-04-16 20:44:00,5.5577,95.3222,79.95,77,100,10.76
372,Uchiza,PE,2021-04-16 20:48:39,-8.4592,-76.4633,84.25,62,100,2.62
373,Gasa,PS,2021-04-16 20:48:39,31.5,34.4667,66.2,63,0,2.3
374,Villarrica,PY,2021-04-16 20:48:39,-25.75,-56.4333,79.95,63,64,1.14
375,Alexandria,EG,2021-04-16 20:48:40,31.2156,29.9553,68.0,73,0,6.91
376,Novoagansk,RU,2021-04-16 20:48:40,61.9449,76.6625,13.28,82,98,11.34
377,Iranshahr,IR,2021-04-16 20:46:11,27.2025,60.6848,82.4,16,0,5.28
378,Piraquara,BR,2021-04-16 20:48:40,-25.4417,-49.0633,69.8,77,75,9.22
379,Coari,BR,2021-04-16 20:48:41,-4.085,-63.1414,79.54,88,97,2.44
380,Abeokuta,NG,2021-04-16 20:48:41,7.15,3.35,82.4,83,20,5.75
381,Aubagne,FR,2021-04-16 20:48:41,43.2928,5.5707,53.01,70,89,6.89
382,Uray,RU,2021-04-16 20:48:42,60.1247,64.7758,31.15,51,95,7.83
383,Matara,LK,2021-04-16 20:48:42,5.9485,80.5353,76.41,88,100,4.03
384,Ardakan,IR,2021-04-16 20:48:42,32.31,54.0175,69.8,21,40,6.91
385,Khorixas,NA,2021-04-16 20:48:43,-20.3667,14.9667,76.08,24,85,7.09
386,Takoradi,GH,2021-04-16 20:43:53,4.8845,-1.7554,81.84,80,41,8.61
387,Waspan,NI,2021-04-16 20:48:43,14.7419,-83.9717,87.39,55,99,5.19
388,Gravdal,NO,2021-04-16 20:48:43,68.1214,13.5031,41.0,93,40,6.91
389,Mlimba,TZ,2021-04-16 20:48:44,-8.8,35.8167,70.72,96,95,1.95
390,Boda,CF,2021-04-16 20:48:44,4.3189,17.4695,78.62,46,66,3.8
391,Kangaatsiaq,GL,2021-04-16 20:48:44,68.3065,-53.4641,7.2,71,100,9.15
392,Riyadh,SA,2021-04-16 20:46:59,24.6877,46.7219,77.0,18,0,3.44
393,Ganta,LR,2021-04-16 20:48:45,7.3022,-8.5308,69.69,94,100,1.81
394,Lucea,JM,2021-04-16 20:48:45,18.451,-78.1736,82.99,69,40,18.41
395,Novopskov,UA,2021-04-16 20:48:45,49.5464,39.0899,49.66,75,95,10.13
396,Tsumeb,NA,2021-04-16 20:48:45,-19.2333,17.7167,53.6,76,9,2.3
397,Le Port,RE,2021-04-16 20:48:46,-20.9373,55.2919,75.99,88,90,6.91
398,Lundazi,ZM,2021-04-16 20:48:47,-12.2929,33.1782,65.01,71,92,9.46
399,Alta Floresta,BR,2021-04-16 20:48:47,-9.8756,-56.0861,86.0,66,40,1.14
400,Zonguldak,TR,2021-04-16 20:48:48,41.25,31.8333,42.66,92,100,2.8
401,Creil,FR,2021-04-16 20:48:48,49.2567,2.4848,48.2,53,0,8.05
402,Vestmanna,FO,2021-04-16 20:48:48,62.1564,-7.1664,46.4,100,75,14.97
403,Mehamn,NO,2021-04-16 20:48:48,71.0357,27.8492,39.2,93,75,23.02
404,Mikhaylovka,RU,2021-04-16 20:48:49,50.06,43.2379,53.71,60,70,4.14
405,Bekhtery,UA,2021-04-16 20:48:49,46.251,32.2927,44.01,100,9,10.0
406,Concarneau,FR,2021-04-16 20:48:49,47.875,-3.9225,44.6,61,0,9.22
407,Baherden,TM,2021-04-16 20:48:50,38.4362,57.4316,67.1,52,39,1.36
408,Chingirlau,KZ,2021-04-16 20:48:50,51.095,54.0814,53.35,53,72,9.53
409,Mosquera,CO,2021-04-16 20:48:50,4.7059,-74.2302,64.4,68,40,11.5
410,Groningen,NL,2021-04-16 20:48:51,53.25,6.75,44.01,81,86,6.91
411,Aripuana,BR,2021-04-16 20:45:25,-9.1667,-60.6333,79.9,90,81,1.92
412,Trincomalee,LK,2021-04-16 20:48:51,8.5711,81.2335,77.23,78,100,6.06
413,Pedasi,PA,2021-04-16 20:48:51,7.5333,-80.0333,78.01,85,100,20.18
414,Mosalsk,RU,2021-04-16 20:48:52,54.4881,34.9817,47.62,95,98,6.91
415,Igrim,RU,2021-04-16 20:48:52,63.1906,64.4162,25.21,91,81,4.43
416,Sakakah,SA,2021-04-16 20:48:52,29.9697,40.2064,78.8,17,40,17.27
417,Palmas Bellas,PA,2021-04-16 20:48:53,9.2319,-80.0867,79.0,94,99,3.0
418,Villacarrillo,ES,2021-04-16 20:48:53,38.1156,-3.0848,48.22,66,28,0.22
419,Forio,IT,2021-04-16 20:48:53,40.7342,13.8646,55.0,67,100,15.01
420,Uzice,RS,2021-04-16 20:48:54,43.8586,19.8488,32.0,69,0,2.3
421,Beyneu,KZ,2021-04-16 20:48:54,45.3167,55.2,60.73,47,0,5.97
422,Kristiinankaupunki,FI,2021-04-16 20:48:54,62.2743,21.376,41.52,80,8,6.73
423,Khash,IR,2021-04-16 20:48:55,28.2211,61.2158,66.07,24,13,3.44
424,Port Shepstone,ZA,2021-04-16 20:48:55,-30.7414,30.455,65.86,55,100,4.25
425,Maniitsoq,GL,2021-04-16 20:48:55,65.4167,-52.9,12.25,64,100,7.36
426,Biltine,TD,2021-04-16 20:48:56,14.5333,20.9167,82.94,6,0,11.77
427,Aktau,KZ,2021-04-16 20:48:56,43.65,51.2,46.4,87,0,2.24
428,Pedernales,DO,2021-04-16 20:48:56,18.0384,-71.744,84.47,60,28,6.2
429,Henties Bay,NA,2021-04-16 20:48:57,-22.116,14.2845,71.55,66,96,8.12
430,Ipueiras,BR,2021-04-16 20:48:57,-7.0333,-40.45,73.83,80,100,8.43
431,Domoni,KM,2021-04-16 20:48:57,-12.2569,44.5319,79.68,85,97,7.99
432,Mahon,ES,2021-04-16 20:48:57,39.8885,4.2658,50.0,66,20,8.05
433,Balkhash,KZ,2021-04-16 20:48:58,46.844,74.9804,50.81,43,92,6.53
434,Ghanzi,BW,2021-04-16 20:48:58,-21.5667,21.7833,69.66,36,58,4.92
435,Zemio,CF,2021-04-16 20:48:58,5.0314,25.1361,74.97,58,83,2.66
436,Iskateley,RU,2021-04-16 20:48:59,67.6803,53.1512,27.25,80,100,17.9
437,Tacoronte,ES,2021-04-16 20:44:08,28.4769,-16.4102,69.01,88,75,13.8
438,Siguiri,GN,2021-04-16 20:48:59,11.6667,-9.5,92.52,22,47,0.87
439,Nosy Varika,MG,2021-04-16 20:48:59,-20.5833,48.5333,72.72,92,77,7.09
440,Viedma,AR,2021-04-16 20:49:00,-40.8135,-62.9967,67.32,54,99,11.63
441,Cabinda,AO,2021-04-16 20:49:00,-5.55,12.2,79.45,87,100,5.35
442,Chapais,CA,2021-04-16 20:49:00,49.7834,-74.8492,55.4,28,40,9.22
443,Itaiba,BR,2021-04-16 20:49:01,-8.9475,-37.4228,70.65,92,100,6.24
444,Bindura,ZW,2021-04-16 20:46:07,-17.3019,31.3306,61.0,56,0,5.01
445,Norrtalje,SE,2021-04-16 20:49:01,59.758,18.705,41.0,70,0,10.36
446,La Romana,DO,2021-04-16 20:49:01,18.4273,-68.9728,86.0,70,20,10.36
447,Sao Sepe,BR,2021-04-16 20:47:14,-30.1606,-53.5653,77.0,69,75,2.3
448,Yar-Sale,RU,2021-04-16 20:49:02,66.8333,70.8333,9.39,90,87,20.15
449,Tessalit,ML,2021-04-16 20:49:02,20.1986,1.0114,91.83,8,99,6.06
450,Pyshma,RU,2021-04-16 20:49:02,56.9523,63.2513,34.25,64,0,5.06
451,Esna,EG,2021-04-16 20:49:03,25.2934,32.554,78.8,21,0,3.44
452,San Jose,US,2021-04-16 20:44:38,37.3394,-121.895,71.01,39,1,8.05
453,Utete,TZ,2021-04-16 20:49:03,-7.986,38.758,72.39,95,22,2.95
454,Praia Da Vitoria,PT,2021-04-16 20:49:03,38.7333,-27.0667,64.4,77,40,17.69
455,Talnakh,RU,2021-04-16 20:49:04,69.4865,88.3972,-9.15,99,100,3.69
456,Bizhbulyak,RU,2021-04-16 20:49:04,53.6967,54.2642,47.82,91,31,9.73
457,Maua,BR,2021-04-16 20:47:18,-23.6678,-46.4614,73.4,68,75,12.66
458,Beyla,GN,2021-04-16 20:49:04,8.6833,-8.6333,71.17,87,76,4.16
459,Sergeyevka,KZ,2021-04-16 20:49:05,53.88,67.4158,39.16,73,50,9.22
460,Kirovskiy,RU,2021-04-16 20:49:05,45.0917,133.5136,40.14,88,8,4.83
461,Veisiejai,LT,2021-04-16 20:49:05,54.1,23.7,44.42,95,66,8.3
462,Surt,LY,2021-04-16 20:49:06,31.2089,16.5887,83.1,23,78,8.34
463,Panaba,MX,2021-04-16 20:49:06,21.2833,-88.2667,101.82,19,0,10.63
464,Camana,PE,2021-04-16 20:49:06,-16.6228,-72.7111,70.97,72,1,7.72
465,Thompson,CA,2021-04-16 20:49:06,55.7435,-97.8558,50.0,25,20,2.3
466,Honningsvag,NO,2021-04-16 20:49:07,70.9821,25.9704,41.0,81,75,35.68
467,Ponta Delgada,PT,2021-04-16 20:49:07,37.7333,-25.6667,62.6,82,40,8.05
468,Ouango,CF,2021-04-16 20:49:07,4.3133,22.5552,74.37,73,73,3.74
469,Hammerfest,NO,2021-04-16 20:47:36,70.6634,23.6821,41.0,81,75,19.57
470,Koraput,IN,2021-04-16 20:49:08,18.8167,82.7167,72.27,67,0,4.07
471,Lusaka,ZM,2021-04-16 20:49:08,-15.4067,28.2871,60.6,52,3,6.46
472,Mazyr,BY,2021-04-16 20:49:08,52.0495,29.2456,44.96,93,100,4.52
473,Astana,KZ,2021-04-16 20:49:09,51.1801,71.446,42.8,87,0,20.13
474,Necochea,AR,2021-04-16 20:49:09,-38.5473,-58.7368,66.0,84,91,1.99
475,Gibara,CU,2021-04-16 20:49:09,21.1097,-76.1317,93.2,26,20,5.75
476,Itaguacu,BR,2021-04-16 20:49:10,-19.8019,-40.8556,71.01,87,46,3.13
477,Huallanca,PE,2021-04-16 20:49:10,-9.8993,-76.9417,57.88,54,88,10.22
478,Jamame,SO,2021-04-16 20:49:10,0.0722,42.7506,81.36,77,91,6.42
479,Camopi,GF,2021-04-16 20:49:10,3.1655,-52.3158,70.39,97,100,3.98
480,Cachoeira Do Sul,BR,2021-04-16 20:49:11,-30.0392,-52.8939,70.47,79,100,3.6
481,Tambura,SS,2021-04-16 20:49:11,5.6,27.4667,78.42,50,71,3.18
482,Dyersburg,US,2021-04-16 20:49:11,36.0345,-89.3856,63.0,42,100,6.91
483,Makaryev,RU,2021-04-16 20:49:12,57.8797,43.8069,36.84,85,12,7.47
484,Siilinjarvi,FI,2021-04-16 20:49:12,63.0833,27.6667,35.6,69,0,3.44
485,Guayaramerin,BO,2021-04-16 20:49:12,-10.8368,-65.3614,84.31,74,92,0.43
486,Antalaha,MG,2021-04-16 20:49:13,-14.9003,50.2788,75.07,90,89,3.89
487,Antofagasta,CL,2021-04-16 20:46:03,-23.65,-70.4,68.0,56,20,11.5
488,Oktyabrskiy,RU,2021-04-16 20:49:13,54.4815,53.471,46.0,89,19,7.56
489,Potosi,BO,2021-04-16 20:49:13,-19.5836,-65.7531,58.3,14,3,15.86
490,Barra,BR,2021-04-16 20:49:14,-11.0894,-43.1417,84.24,39,44,4.61
491,Galle,LK,2021-04-16 20:49:14,6.0367,80.217,78.8,82,100,4.85
492,Luis Correia,BR,2021-04-16 20:49:14,-2.8792,-41.6669,78.39,87,100,10.63
493,Rafai,CF,2021-04-16 20:49:15,4.95,23.9167,74.43,56,53,3.62
494,Port-Cartier,CA,2021-04-16 20:49:15,50.0334,-66.8654,39.2,60,20,14.97
495,Jerez,GT,2021-04-16 20:49:15,14.1,-89.75,89.6,45,75,4.61
496,Turukhansk,RU,2021-04-16 20:49:15,65.8167,87.9833,-21.1,99,85,2.98
497,Lasa,IT,2021-04-16 20:49:17,46.6166,10.7002,48.2,55,0,3.44
498,Yarim,YE,2021-04-16 20:49:17,14.298,44.3779,58.32,54,32,2.82
499,Lagoa,PT,2021-04-16 20:49:17,39.05,-27.9833,61.38,94,100,16.4
500,Torbay,CA,2021-04-16 20:49:18,47.6666,-52.7314,34.0,93,90,19.57
501,Granicesti,RO,2021-04-16 20:49:18,47.8167,26.0667,42.8,65,0,9.22
502,Nioro,GM,2021-04-16 20:49:18,13.35,-15.75,83.98,38,0,12.21
503,Chute-Aux-Outardes,CA,2021-04-16 20:49:18,49.1168,-68.399,42.8,61,1,23.02
504,Laranjeiras Do Sul,BR,2021-04-16 20:49:19,-25.4078,-52.4161,65.52,75,91,3.18
505,Oistins,BB,2021-04-16 20:49:19,13.0667,-59.5333,82.4,57,40,17.27
506,Jedrzejow,PL,2021-04-16 20:49:19,50.6394,20.3045,37.0,99,100,5.01
507,Acari,PE,2021-04-16 20:49:20,-15.4311,-74.6158,78.4,57,1,8.86
508,Inirida,CO,2021-04-16 20:49:20,3.8653,-67.9239,78.98,91,97,2.68
509,Decatur,US,2021-04-16 20:49:20,39.8403,-88.9548,62.6,45,1,8.05
510,Bon Air,US,2021-04-16 20:49:20,37.5249,-77.5578,66.99,37,36,8.75
511,Pimentel,PE,2021-04-16 20:49:21,-6.8367,-79.9342,75.2,57,0,18.41
512,Sinnamary,GF,2021-04-16 20:49:21,5.3833,-52.95,79.66,79,72,11.25
513,Sawakin,SD,2021-04-16 20:49:21,19.1059,37.3321,78.49,75,1,6.76
514,Cuamba,MZ,2021-04-16 20:49:22,-14.8031,36.5372,66.69,88,91,8.03
515,Thinadhoo,MV,2021-04-16 20:49:22,0.5333,72.9333,81.88,64,37,3.11
516,Umm Lajj,SA,2021-04-16 20:49:22,25.0213,37.2685,81.34,38,2,7.76
517,Keti Bandar,PK,2021-04-16 20:49:22,24.1447,67.4497,80.13,80,0,14.83
518,Copiapo,CL,2021-04-16 20:49:23,-27.3667,-70.3333,64.4,68,90,10.36
519,Banyo,CM,2021-04-16 20:49:23,6.75,11.8167,69.71,77,55,3.53
520,Marondera,ZW,2021-04-16 20:49:23,-18.1853,31.5519,52.27,80,0,5.73
521,Sechura,PE,2021-04-16 20:49:24,-5.5569,-80.8222,77.7,62,73,13.22
522,Mandiana,GN,2021-04-16 20:49:24,10.6333,-8.6833,87.31,40,91,4.59
523,Denia,ES,2021-04-16 20:49:24,38.8408,0.1057,51.01,77,91,1.99
524,Masuguru,TZ,2021-04-16 20:49:25,-11.3667,38.4167,70.79,93,69,1.88
525,Malyn,UA,2021-04-16 20:49:25,50.7723,29.2383,44.6,100,40,11.18
526,Rozkishne,UA,2021-04-16 20:49:25,48.5074,39.3004,49.87,85,100,5.77
527,Titisee-Neustadt,DE,2021-04-16 20:49:26,47.9,8.1667,36.0,78,18,1.99
528,Witu,KE,2021-04-16 20:49:26,-2.3889,40.4382,82.4,83,40,8.05
529,Springdale,US,2021-04-16 20:49:26,36.1867,-94.1288,51.8,93,90,5.75
530,Saquena,PE,2021-04-16 20:49:27,-4.6667,-73.5167,80.53,91,100,2.42
531,Palencia,ES,2021-04-16 20:49:27,42.4167,-4.5,41.0,63,0,7.0
532,Burhaniye,TR,2021-04-16 20:49:27,39.5004,26.9727,59.0,72,75,16.11
533,Port-Gentil,GA,2021-04-16 20:49:27,-0.7193,8.7815,80.6,94,75,3.44
534,Nukus,UZ,2021-04-16 20:49:28,42.4531,59.6103,60.8,39,0,4.61
535,Novosergiyevka,RU,2021-04-16 20:49:28,52.0934,53.6528,53.1,61,51,9.42
536,Sfantu Gheorghe,RO,2021-04-16 20:49:28,45.8667,25.7833,36.0,78,64,3.0
537,Lincoln,US,2021-04-16 20:49:29,40.8,-96.667,43.0,75,90,8.05
538,Swellendam,ZA,2021-04-16 20:49:29,-34.0226,20.4417,57.2,77,0,10.36
539,Saint-Francois,FR,2021-04-16 20:49:29,46.4154,3.9054,41.0,60,0,9.22
540,Amiens,FR,2021-04-16 20:49:00,49.9,2.3,42.01,87,0,9.22
541,Bahia Blanca,AR,2021-04-16 20:49:30,-38.7196,-62.2724,74.39,57,67,4.56
542,Nueva Loja,EC,2021-04-16 20:49:30,0.0847,-76.8828,89.6,58,40,4.61
543,Koson,UZ,2021-04-16 20:49:30,39.0375,65.585,64.4,27,0,2.3
544,Elizabeth City,US,2021-04-16 20:49:07,36.2946,-76.2511,66.99,36,1,16.11
545,Buraydah,SA,2021-04-16 20:49:31,26.326,43.975,78.8,22,40,6.91
546,Kirn,DE,2021-04-16 20:49:32,49.7833,7.45,42.01,70,0,2.3
547,Kalabo,ZM,2021-04-16 20:49:32,-14.97,22.6814,67.03,54,7,6.02
548,Sao Jose Da Coroa Grande,BR,2021-04-16 20:49:32,-8.8978,-35.1478,78.06,82,77,7.14
549,Salinopolis,BR,2021-04-16 20:49:33,-0.6136,-47.3561,79.12,85,100,9.86
550,Diffa,NE,2021-04-16 20:49:33,13.3154,12.6113,85.68,6,97,6.24
551,Gaoual,GN,2021-04-16 20:49:33,11.75,-13.2,91.67,33,62,7.65
552,Benton Harbor,US,2021-04-16 20:49:34,42.1167,-86.4542,46.99,70,40,8.05
553,Parabel,RU,2021-04-16 20:49:34,58.6978,81.4825,17.55,63,1,7.74
554,Beroroha,MG,2021-04-16 20:49:34,-21.6667,45.1667,68.7,63,93,5.17
555,Waycross,US,2021-04-16 20:44:59,31.2136,-82.354,68.0,45,40,3.98
556,Purnia,IN,2021-04-16 20:49:35,25.7833,87.4667,79.12,52,31,8.34
557,Caconda,AO,2021-04-16 20:49:35,-13.7333,15.0667,60.13,81,37,2.48
558,Mufumbwe,ZM,2021-04-16 20:49:35,-13.6833,24.8,60.84,70,4,4.32
559,Sao Miguel,BR,2021-04-16 20:49:35,-5.4667,-35.3667,84.2,74,20,8.05
560,Bandundu,CD,2021-04-16 20:49:36,-3.3167,17.3667,73.4,87,88,3.96
561,Trujillo,PE,2021-04-16 20:49:36,-8.116,-79.03,66.2,88,75,11.5
562,Yenagoa,NG,2021-04-16 20:44:36,4.9247,6.2642,78.87,82,39,4.16
563,Lujan,AR,2021-04-16 20:49:36,-34.5703,-59.105,77.0,64,0,1.99
564,Puerto Rico,AR,2021-04-16 20:49:37,-26.796,-55.024,72.27,86,52,2.04
565,Abengourou,CI,2021-04-16 20:49:37,6.7297,-3.4964,76.15,91,100,2.42
566,Almansa,ES,2021-04-16 20:49:37,38.8692,-1.0971,43.0,90,76,2.26
567,Batsfjord,NO,2021-04-16 20:49:38,70.6345,29.7185,39.2,87,40,85.0
568,Saurimo,AO,2021-04-16 20:49:38,-9.6608,20.3916,65.57,93,94,3.22
569,Werda,BW,2021-04-16 20:49:38,-25.2667,23.2833,74.66,30,43,2.89
570,Astorga,BR,2021-04-16 20:49:39,-23.2325,-51.6656,78.8,64,0,4.61
571,Ambilobe,MG,2021-04-16 20:49:39,-13.2,49.05,74.48,94,71,1.5
572,Nyrob,RU,2021-04-16 20:49:39,60.733,56.7202,27.1,94,11,2.73
573,Lamu,KE,2021-04-16 20:49:39,-2.2717,40.902,82.4,83,40,8.05
574,Lukovetskiy,RU,2021-04-16 20:49:40,64.2956,41.9211,30.2,86,0,2.24
575,Maicao,CO,2021-04-16 20:48:13,11.3832,-72.2432,89.33,53,87,10.71
576,San Juan,AR,2021-04-16 20:49:40,-31.5375,-68.5364,85.42,26,16,4.7
